<?xml version="1.0" encoding="utf-8"?>
<component type="desktop">
  <id>org.kde.kdiff3.desktop</id>
  <metadata_license>CC0-1.0</metadata_license>
  <project_license>GPL-2.0-or-later</project_license>
  <name>KDiff3</name>
  <name xml:lang="ca">KDiff3</name>
  <name xml:lang="ca-valencia">KDiff3</name>
  <name xml:lang="cs">KDiff3</name>
  <name xml:lang="da">KDiff3</name>
  <name xml:lang="de">KDiff3</name>
  <name xml:lang="el">KDiff3</name>
  <name xml:lang="en-GB">KDiff3</name>
  <name xml:lang="es">KDiff3</name>
  <name xml:lang="et">KDiff3</name>
  <name xml:lang="eu">KDiff3</name>
  <name xml:lang="fi">KDiff3</name>
  <name xml:lang="fr">KDiff3</name>
  <name xml:lang="gl">KDiff3</name>
  <name xml:lang="ia">KDiff3</name>
  <name xml:lang="id">KDiff3</name>
  <name xml:lang="it">KDiff3</name>
  <name xml:lang="ko">KDiff3</name>
  <name xml:lang="nl">KDiff3</name>
  <name xml:lang="nn">KDiff3</name>
  <name xml:lang="pl">KDiff3</name>
  <name xml:lang="pt">KDiff3</name>
  <name xml:lang="pt-BR">KDiff3</name>
  <name xml:lang="ru">KDiff3</name>
  <name xml:lang="sk">KDiff3</name>
  <name xml:lang="sl">KDiff3</name>
  <name xml:lang="sv">Kdiff3</name>
  <name xml:lang="uk">KDiff3</name>
  <name xml:lang="x-test">xxKDiff3xx</name>
  <name xml:lang="zh-CN">KDiff3</name>
  <summary>A file and folder comparison and merge tool</summary>
  <summary xml:lang="ca">Una eina per a la comparació i fusió de fitxers i carpetes</summary>
  <summary xml:lang="ca-valencia">Una eina per a la comparació i fusió de fitxers i carpetes</summary>
  <summary xml:lang="cs">Nástroj pro porovnávání a slučování souborů a složek</summary>
  <summary xml:lang="de">Programm zum Vergleichen und Zusammenführen von Dateien und Ordnern</summary>
  <summary xml:lang="en-GB">A file and folder comparison and merge tool</summary>
  <summary xml:lang="es">Una herramienta para comparar y fusionar archivos y carpetas</summary>
  <summary xml:lang="fi">Tiedostojen ja kansioiden vertailu- ja yhdistämistyökalu</summary>
  <summary xml:lang="fr">Un outil de comparaison et de fusion de fichiers et de dossiers</summary>
  <summary xml:lang="id">Sebuah alat penggabung dan pembanding folder dan file</summary>
  <summary xml:lang="it">Uno strumento di confronto e fusione di file e cartelle</summary>
  <summary xml:lang="nl">Een hulpmiddel voor het vergelijken en samenvoegen van bestanden en mappen</summary>
  <summary xml:lang="pl">Narzędzie do porównywania i scalania plików i katalogów</summary>
  <summary xml:lang="pt-BR">Uma ferramenta de comparação e junção de arquivos e pastas</summary>
  <summary xml:lang="sl">Orodje za primerjavo datotek in map ter za združevanje</summary>
  <summary xml:lang="sv">Ett jämförelse- och sammanfogningsverktyg för fil- och katalogjämförelser</summary>
  <summary xml:lang="uk">Програма для порівняння і об'єднання файлів та тек</summary>
  <summary xml:lang="x-test">xxA file and folder comparison and merge toolxx</summary>
  <project_group>KDE</project_group>
  <description>
    <p>KDiff3 is a file and folder diff and merge tool which</p>
    <p xml:lang="ca">El KDiff3 és una eina per a la comparació i fusionat de fitxers i carpetes</p>
    <p xml:lang="ca-valencia">El KDiff3 és una eina per a la comparació i fusionat de fitxers i carpetes</p>
    <p xml:lang="de">KDiff3 ist ein Programm zum Anzeigen von Unterschieden und zum Zusammenführen von Dateien und Ordnern.</p>
    <p xml:lang="en-GB">KDiff3 is a file and folder diff and merge tool which</p>
    <p xml:lang="es">KDiff es una herramienta de visualización de diferencias y de fusión de archivos y carpetas que</p>
    <p xml:lang="fi">Kdiff3 on tiedostojen ja kansioiden vertailu- ja yhdistämistyökalu, joka</p>
    <p xml:lang="fr">KDiff3 est un outil de comparaison et de fusion de fichiers et de dossiers qui</p>
    <p xml:lang="id">KDiff3 adalah sebuah alat penggabung dan pembeda mana file dan folder</p>
    <p xml:lang="it">KDiff3 è uno strumento per fondere file e cartelle che</p>
    <p xml:lang="nl">KDdiff3 is een hulpmiddel om bestanden en mappen te vergelijken en samen te voegen dat</p>
    <p xml:lang="pl">KDiff3 jest narzędziem do pokazywania różnicy i scalania plików i katalogów, które</p>
    <p xml:lang="pt-BR">O KDiff3 é uma ferramenta de diferenças e mesclagem de arquivos e pastas que</p>
    <p xml:lang="sl">KDiff3 je orodje za prikaz razlik med datotekami in mapami, ki</p>
    <p xml:lang="sv">Kdiff3 är ett verktyg för jämförelser och sammanfogning av filer och kataloger, som</p>
    <p xml:lang="uk">KDiff3 — програма для визначення відмінностей у файлах і теках та об'єднання цих відмінностей в один варіант, яка</p>
    <p xml:lang="x-test">xxKDiff3 is a file and folder diff and merge tool whichxx</p>
    <ul>
      <li>compares and merges two or three text input files or folders,</li>
      <li xml:lang="ca">compara i fusiona dos o tres fitxers o carpetes des de l'entrada,</li>
      <li xml:lang="ca-valencia">compara i fusiona dos o tres fitxers o carpetes des de l'entrada,</li>
      <li xml:lang="de">vergleicht zwei oder drei Textdateien bzw. Ordner und führt sie zusammen,</li>
      <li xml:lang="en-GB">compares and merges two or three text input files or folders,</li>
      <li xml:lang="es">compara y fusiona dos o tres archivos de texto de entrada o carpetas,</li>
      <li xml:lang="fi">vertaa ja yhdistää kaksi tai kolme tekstitiedostoa tai kansiota</li>
      <li xml:lang="fr">compare et fusionne deux ou trois fichiers ou dossiers en entrée,</li>
      <li xml:lang="id">membandingkan dan menggabungkan dua atau tiga file atau folder input teks,</li>
      <li xml:lang="it">confronta e fonde due o tre file di testo o cartelle in ingresso,</li>
      <li xml:lang="nl">twee of drie tekstbestanden of mappen vergelijkt en samenvoegt,</li>
      <li xml:lang="pl">porównuje i scala dwa, trzy lub więcej plików wejściowych lub katalogów,</li>
      <li xml:lang="pt-BR">compara e mescla dois ou três arquivos de texto ou pastas,</li>
      <li xml:lang="sl">primerja in združuje dve ali tri vhodne datoteke ali mape besedil,</li>
      <li xml:lang="sv">jämför och sammanfogar två eller tre textfiler eller kataloger,</li>
      <li xml:lang="uk">порівнює і об'єднує два або три вхідних текстових файли або теки.</li>
      <li xml:lang="x-test">xxcompares and merges two or three text input files or folders,xx</li>
      <li>shows the differences line by line and character by character(!),</li>
      <li xml:lang="ca">mostra les diferències línia per línia i caràcter per caràcter!,</li>
      <li xml:lang="ca-valencia">mostra les diferències línia per línia i caràcter per caràcter!,</li>
      <li xml:lang="de">kann Unterschiede zeilenweise und sogar Zeichen für Zeichen anzeigen,</li>
      <li xml:lang="el">εμφανίζει τις διαφορές ανά γραμμή και ανά χαρακτήρα(!),</li>
      <li xml:lang="en-GB">shows the differences line by line and character by character(!),</li>
      <li xml:lang="es">muestra las diferencias línea a línea y carácter a carácter (!),</li>
      <li xml:lang="et">näitab erinevusi ridade ja märkide (!) kaupa,</li>
      <li xml:lang="eu">ezberdintasunak lerroz-lerro eta karakterez-karaktere erakusten ditu(!),</li>
      <li xml:lang="fi">näyttää erot riveittäin ja merkeittäin (!)</li>
      <li xml:lang="fr">affiche les différences ligne par ligne et caractère par caractère (!),</li>
      <li xml:lang="gl">mostra as diferenzas liña por liña e carácter por carácter(!),</li>
      <li xml:lang="id">menampilkan perbedaan baris demi baris dan karakter demi karakter(!),</li>
      <li xml:lang="it">mostra le differenze riga per riga e carattere per carattere(!),</li>
      <li xml:lang="ko">줄과 문자 단위로(!)로 다른 줄을 표시하며,</li>
      <li xml:lang="nl">toont de verschillen regel voor regel en teken voor teken(!),</li>
      <li xml:lang="pl">pokazuje różnice wiersz po wierszu i znak po znaku(!),</li>
      <li xml:lang="pt">mostra as diferenças linha-a-linha e carácter-a-carácter(!),</li>
      <li xml:lang="pt-BR">mostra as diferenças linha por linha e caractere por caractere(!),</li>
      <li xml:lang="sk">zobrazuje rozdiely riadok po riadku a znak po znaku,</li>
      <li xml:lang="sl">prikazuje razlike črto za črto in znak za znakom (!),</li>
      <li xml:lang="sv">visar skillnaderna rad för rad och tecken för tecken (!),</li>
      <li xml:lang="uk">показує відмінності за рядками і за символами(!),</li>
      <li xml:lang="x-test">xxshows the differences line by line and character by character(!),xx</li>
      <li xml:lang="zh-CN">按单行或单字符显示差异(!)，</li>
      <li>provides an automatic merge-facility,</li>
      <li xml:lang="ca">proporciona la facilitat del fusionat automàtic,</li>
      <li xml:lang="ca-valencia">proporciona la facilitat del fusionat automàtic,</li>
      <li xml:lang="de">hat eine Funktion zum automatischen Zusammenführen,</li>
      <li xml:lang="el">παρέχει μια αυτόματη υπηρεσία συγχώνευσης,</li>
      <li xml:lang="en-GB">provides an automatic merge-facility,</li>
      <li xml:lang="es">proporciona una utilidad de fusión automática,</li>
      <li xml:lang="et">pakub automaatse ühendamise võimalust,</li>
      <li xml:lang="eu">automatikoki bateratzeko erraztasuna ematen du,</li>
      <li xml:lang="fi">tarjoaa automaattisen yhdistämistoiminnon</li>
      <li xml:lang="fr">offre des fonctionnalités de fusion automatique,</li>
      <li xml:lang="gl">fornece unha ferramenta de fusión automática,</li>
      <li xml:lang="id">menyediakan sebuah fasilitas penggabungan otomatis,</li>
      <li xml:lang="it">fornisce un servizio automatico per la fusione,</li>
      <li xml:lang="ko">자동 병합 기능을 제공하며,</li>
      <li xml:lang="nl">een automatische samenvoegfunctie biedt,</li>
      <li xml:lang="pl">zapewnia narzędzie do samoczynnego scalania,</li>
      <li xml:lang="pt">oferece uma funcionalidade de junção automática,</li>
      <li xml:lang="pt-BR">fornecendo a facilidade da mesclagem automática,</li>
      <li xml:lang="sk">poskytuje automatickú možnosť zlúčenia,</li>
      <li xml:lang="sl">omogoča samodejno združitev,</li>
      <li xml:lang="sv">tillhandahåller en automatisk sammanfogingsfunktion,</li>
      <li xml:lang="uk">надає можливість автоматичного об’єднання,</li>
      <li xml:lang="x-test">xxprovides an automatic merge-facility,xx</li>
      <li xml:lang="zh-CN">提供自动合并功能，</li>
      <li>has an editor for comfortable solving of merge-conflicts,</li>
      <li xml:lang="ca">té un editor per a la solució còmoda dels conflictes de fusionat,</li>
      <li xml:lang="ca-valencia">té un editor per a la solució còmoda dels conflictes de fusionat,</li>
      <li xml:lang="de">enthält einen speziellen komfortablen Editor zum Auflösen von Konflikten beim Zusammenführen,</li>
      <li xml:lang="el">έχει έναν κειμενογράφο για άνετη επίλυση των συγκρούσεων σε συγχωνεύσεις,</li>
      <li xml:lang="en-GB">has an editor for comfortable solving of merge-conflicts,</li>
      <li xml:lang="es">posee un editor para resolver confortablemente los conflictos de fusión,</li>
      <li xml:lang="et">pakub redaktorit mugavaks ühendamisel tekkinud konfliktide lahendamiseks,</li>
      <li xml:lang="eu">bateratze-gatazkak erosotasunez ebazteko editore bat dauka,</li>
      <li xml:lang="fi">sisältää muokkaimen yhdistämisristiriitojen ratkaisemiseksi</li>
      <li xml:lang="fr">dispose d'un éditeur pour résoudre confortablement les conflits lors de la fusion,</li>
      <li xml:lang="gl">ten un editor para solucionar de maneira cómoda conflitos de fusión,</li>
      <li xml:lang="id">memiliki sebuah editor untuk pemecahan yang baik pada penggabungan yang bentrok</li>
      <li xml:lang="it">dispone di un editor per risolvere comodamente i conflitti di fusione,</li>
      <li xml:lang="ko">병합 충돌을 원만하게 해결할 수 있는 편집기가 있으며,</li>
      <li xml:lang="nl">een editor heeft voor het comfortabel oplossen van samenvoegconflicten,</li>
      <li xml:lang="pl">ma edytor do wygodnego rozwiązywania sprzeczności przy scalaniu,</li>
      <li xml:lang="pt">tem um editor para resolver confortavelmente os conflitos de junção,</li>
      <li xml:lang="pt-BR">tem um editor para resolver confortavelmente os conflitos de mesclagem,</li>
      <li xml:lang="sk">má editor na pohodlné riešenie konfliktov zlučovania,</li>
      <li xml:lang="sl">ima urejevalnik za udobno reševanje sporov med spajanjem,</li>
      <li xml:lang="sv">har en editor för bekväm lösning av sammanfogningskonflikter,</li>
      <li xml:lang="uk">містить редактор для полегшення розв’язання конфліктів під час об’єднання,</li>
      <li xml:lang="x-test">xxhas an editor for comfortable solving of merge-conflicts,xx</li>
      <li xml:lang="zh-CN">有一个舒适的编辑器来解决合并冲突，</li>
      <li>provides network transparency via KIO,</li>
      <li xml:lang="ca">proporciona transparència de xarxa a través del KIO,</li>
      <li xml:lang="ca-valencia">proporciona transparència de xarxa a través del KIO,</li>
      <li xml:lang="de">ist mit Hilfe von KIO Netzwerktransparent,</li>
      <li xml:lang="el">παρέχει δικτυακή διαφάνεια μέσα από το KIO,</li>
      <li xml:lang="en-GB">provides network transparency via KIO,</li>
      <li xml:lang="es">proporciona transparencia de red mediante el uso de KIO,</li>
      <li xml:lang="et">võimaldab KIO vahendusel võrgu läbipaistvust,</li>
      <li xml:lang="eu">KIO bidez sarearekiko gardentasuna hornitzen du,</li>
      <li xml:lang="fi">tarjoaa läpinäkyvän verkon KIOn kautta</li>
      <li xml:lang="fr">fournit une transparence réseau via KIO,</li>
      <li xml:lang="gl">fornece transparencia de rede mediante KIO,</li>
      <li xml:lang="id">menyediakan transparan jaringan via KIO</li>
      <li xml:lang="it">fornisce trasparenza di rete tramite KIO,</li>
      <li xml:lang="ko">KIO를 통한 네트워크 투명성을 제공하며,</li>
      <li xml:lang="nl">netwerktransparantie biedt via KIO,</li>
      <li xml:lang="pl">zapewnia przejrzystość sieciową przez KIO,</li>
      <li xml:lang="pt">oferece a transparência na rede com o KIO,</li>
      <li xml:lang="pt-BR">fornece transparência de rede via KIO,</li>
      <li xml:lang="sk">poskytuje sieťovú transparentnosť cez KIO,</li>
      <li xml:lang="sl">zagotavlja preglednost omrežja prek KIO,</li>
      <li xml:lang="sv">tillhandahåller nätverkstransparens via KIO,</li>
      <li xml:lang="uk">забезпечує мережеву прозорість за допомогою KIO,</li>
      <li xml:lang="x-test">xxprovides network transparency via KIO,xx</li>
      <li xml:lang="zh-CN">通过 KIO 提供网络文件透明访问，</li>
      <li>has options to highlight or hide changes in white-space or comments,</li>
      <li xml:lang="ca">té opcions per a ressaltar o ocultar els canvis en els espais en blanc o els comentaris,</li>
      <li xml:lang="ca-valencia">té opcions per a ressaltar o ocultar els canvis en els espais en blanc o els comentaris,</li>
      <li xml:lang="de">kann Unterschiede in Leerraum-Zeichen oder Kommentaren besonders hervorheben oder ausblenden,</li>
      <li xml:lang="el">έχει επιλογές τονισμού ή απόκρυψης αλλαγών σε κενά ή σχόλια,</li>
      <li xml:lang="en-GB">has options to highlight or hide changes in white-space or comments,</li>
      <li xml:lang="es">contiene opciones para resaltar u ocultar cambios en espacios en blanco y en comentarios,</li>
      <li xml:lang="et">võib esile tõsta või peita erinevusi tühimärkides või kommentaarides,</li>
      <li xml:lang="eu">zuriune edo iruzkinetako aldaketak nabarmentzeko edo ezkutatzeko aukerak ditu,</li>
      <li xml:lang="fi">osaa korostaa tai piilottaa muutokset tyhjemerkeissä ja kommenteissa</li>
      <li xml:lang="fr">dispose d'options permettant de surligner ou de cacher les différences d'espaces ou de commentaires,</li>
      <li xml:lang="gl">ten opcións para salientar ou agochar cambios en espazos en branco ou comentarios,</li>
      <li xml:lang="id">memiliki opsi untuk menyorot atau menyembunyikan perubahan dalam spasi putih atau komentar,</li>
      <li xml:lang="it">ha opzioni per evidenziare o per nascondere le modifiche negli spazi o nei commenti,</li>
      <li xml:lang="ko">공백이나 주석의 변경 사항을 강조 표시하거나 숨길 수 있는 옵션이 있고,</li>
      <li xml:lang="nl">opties heeft voor het accentueren of verbergen van wijzigingen in witruimte of commentaar,</li>
      <li xml:lang="pl">ma opcje do podświetlenia i ukrycia zmian w białych znakach lub komentarzach,</li>
      <li xml:lang="pt">tem opções para realçar ou esconder as alterações nos espaços em branco ou comentários,</li>
      <li xml:lang="pt-BR">tem opção para realçar ou ocultar alterações nos espaços em branco ou comentários,</li>
      <li xml:lang="sk">má voľby na zvýraznenie alebo skrytie zmien v bielych znakoch alebo komentároch,</li>
      <li xml:lang="sl">ima možnosti za označevanje ali skrivanje sprememb v prostoru presledkov ali komentarjih,</li>
      <li xml:lang="sv">har alternativ för att markera eller dölja ändringar av blanktecken eller kommentarer,</li>
      <li xml:lang="uk">може підсвічувати або ховати зміни у пробілах або коментарях,</li>
      <li xml:lang="x-test">xxhas options to highlight or hide changes in white-space or comments,xx</li>
      <li xml:lang="zh-CN">有选项可以设置高亮或隐藏空白字符和代码注释的更改，</li>
      <li>supports Unicode, UTF-8 and other file encodings,</li>
      <li xml:lang="ca">admet Unicode, UTF-8 i altres codificacions de fitxer,</li>
      <li xml:lang="ca-valencia">admet Unicode, UTF-8 i altres codificacions de fitxer,</li>
      <li xml:lang="cs">podporuje Unicode, UTF-8 a další kódování souborů.</li>
      <li xml:lang="de">unterstützt Unicode, UTF-8 und weitere Dateikodierungen,</li>
      <li xml:lang="el">υποστηρίζει Unicode, UTF-8 και άλλες κωδικοποιήσεις αρχείων,</li>
      <li xml:lang="en-GB">supports Unicode, UTF-8 and other file encodings,</li>
      <li xml:lang="es">permite el uso de Unicode, UTF-8 y de otras codificaciones de archivos,</li>
      <li xml:lang="et">toetab Unicode'i, UTF-8 ja teisi failikodeeringuid,</li>
      <li xml:lang="eu">Unicode, UTF-8 eta beste fitxategi kodeketa batzuk onartzen ditu,</li>
      <li xml:lang="fi">tukee Unicodea, UTF-8:aa ja muita merkistökoodauksia</li>
      <li xml:lang="fr">prend en charge Unicode, UTF-8 et d'autres encodages de fichiers,</li>
      <li xml:lang="gl">é compatíbel con Unicode, UTF-8 e outras codificacións de ficheiros,s</li>
      <li xml:lang="id">dukungan Unicode, UTF-8 dqn pengenkodean file lain</li>
      <li xml:lang="it">supporta Unicode, UTF-8 e altre codifiche di file,</li>
      <li xml:lang="ko">유니코드, UTF-8 및 기타 파일 인코딩을 지원하며,</li>
      <li xml:lang="nl">Unicode, UTF-8 en andere bestandscoderingen ondersteunt,</li>
      <li xml:lang="pl">obsługuje Unikod, UTF-8 i inne kodowania plików,</li>
      <li xml:lang="pt">suporta o Unicode, o UTF-8 e outras codificações de ficheiros,</li>
      <li xml:lang="pt-BR">suporta o Unicode, UTF-8 e outras codificações de arquivos,</li>
      <li xml:lang="sk">podporuje Unicode, UTF-8 a iné kódovania súborov,</li>
      <li xml:lang="sl">podpira Unicode, UTF-8 in drugo kodiranje datotek,</li>
      <li xml:lang="sv">stöder Unicode, UTF-8 och andra filkodningar,</li>
      <li xml:lang="uk">підтримує Unicode, UTF-8 та інші кодування текстів файлів,</li>
      <li xml:lang="x-test">xxsupports Unicode, UTF-8 and other file encodings,xx</li>
      <li xml:lang="zh-CN">支持 Unicode, UTF-8 和其他文件编码,</li>
      <li>prints differences,</li>
      <li xml:lang="ca">imprimeix les diferències,</li>
      <li xml:lang="ca-valencia">imprimeix les diferències,</li>
      <li xml:lang="de">druckt Abweichungen,</li>
      <li xml:lang="el">εκτυπώνει διαφορές,</li>
      <li xml:lang="en-GB">prints differences,</li>
      <li xml:lang="es">imprime las diferencias,</li>
      <li xml:lang="et">trükib erinevusi,</li>
      <li xml:lang="eu">ezberdintasunak inprimatzen ditu,</li>
      <li xml:lang="fi">tulostaa eroavuudet</li>
      <li xml:lang="fr">affiche les différences,</li>
      <li xml:lang="gl">imprime diferenzas,</li>
      <li xml:lang="id">cetakan yang berbeda</li>
      <li xml:lang="it">stampa le differenze,</li>
      <li xml:lang="ko">차이점을 인쇄하고,</li>
      <li xml:lang="nl">verschillen in regels afdrukt,</li>
      <li xml:lang="pl">drukuje różnice,</li>
      <li xml:lang="pt">imprime as diferenças,</li>
      <li xml:lang="pt-BR">imprime as diferenças,</li>
      <li xml:lang="sk">vytlačí rozdiely,</li>
      <li xml:lang="sl">tiska razlike,</li>
      <li xml:lang="sv">skriver ut skillnader,</li>
      <li xml:lang="uk">може надсилати на друк різницю,</li>
      <li xml:lang="x-test">xxprints differences,xx</li>
      <li xml:lang="zh-CN">打印差异,</li>
      <li>supports version control keyword and history merging.</li>
      <li xml:lang="ca">admet la paraula clau per al control de versions i un historial de les fusions.</li>
      <li xml:lang="ca-valencia">admet la paraula clau per al control de versions i un historial de les fusions.</li>
      <li xml:lang="de">unterstützt Schlüsselwörter für Versionsverwaltung und Verlauf-Zusammenführung.</li>
      <li xml:lang="el">υποστηρίζει συγχώνευση λέξεων κλειδιών και ιστορικού με έλεγχο εκδόσεων.</li>
      <li xml:lang="en-GB">supports version control keyword and history merging.</li>
      <li xml:lang="es">permite el uso de palabras clave de control de versiones y de fusión de historial.</li>
      <li xml:lang="et">toetab versioonihalduse võtmesõnade ja ajaloo ühendamist.</li>
      <li xml:lang="eu">bertsio-kontrolerako gako-hitzak eta historia bateratzea onartzen du.</li>
      <li xml:lang="fi">tukee versionhallinnan avainsanoja ja historian yhdistämistä.</li>
      <li xml:lang="fr">prend en charge les mots clés de contrôle de version et la fusion des historiques.</li>
      <li xml:lang="gl">e permite fusionar historiais e palabras clave de control de versión.</li>
      <li xml:lang="id">dukungan katakunci kendali versi dan histori penggabungan.</li>
      <li xml:lang="it">supporta le parole chiave per il controllo di versione e la fusione della cronologia.</li>
      <li xml:lang="ko">버전 관리 키워드 및 기록 병합을 지원합니다.</li>
      <li xml:lang="nl">versiebeheersleutelwoorden ondersteunt en samenvoegen van geschiedenis.</li>
      <li xml:lang="pl">obsługuje scalanie słów kluczowych i historii zarządzania wersjami</li>
      <li xml:lang="pt">suporta as palavras-chave de controlo de versões e de junção do histórico.</li>
      <li xml:lang="pt-BR">suporta palavras-chave de controle de versão e mesclagem de histórico.</li>
      <li xml:lang="sk">podporuje kľúčové slová na správu verzií a zlučovanie histórie.</li>
      <li xml:lang="sl">podpira združevanje ključnih besed in zgodovine za nadzor verzij.</li>
      <li xml:lang="sv">stöder nyckelord för versionskontroll och sammanfogning av historik.</li>
      <li xml:lang="uk">підтримує об’єднання за ключовими словами і журналом інструментів керування версіями.</li>
      <li xml:lang="x-test">xxsupports version control keyword and history merging.xx</li>
      <li xml:lang="zh-CN">支持版本控制关键词和历史合并。</li>
    </ul>
  </description>
  <screenshots>
    <screenshot type="default">
      <image>https://cdn.kde.org/screenshots/kdiff3/diffscreen_two_way.png</image>
    </screenshot>
    <screenshot>
      <image>https://cdn.kde.org/screenshots/kdiff3/ManualMerdge.png</image>
    </screenshot>
  </screenshots>
  <url type="homepage">https://kde.org/applications/development/org.kde.kdiff3</url>
  <url type="bugtracker">https://bugs.kde.org/enter_bug.cgi?format=guided&amp;product=kdiff3</url>
  <url type="help">https://docs.kde.org/?application=kdiff3</url>
  <url type="donation">https://www.kde.org/community/donations/?app=kdiff3</url>
  <provides>
    <binary>kdiff3</binary>
  </provides>
  <releases>
    <release version="1.9.0" date="2021-04-29"/>
    <release version="1.8.5" date="2021-01-10"/>
    <release version="1.8.4" date="2020-08-25"/>
    <release version="1.8.3" date="2020-06-24"/>
    <release version="1.8.2" date="2020-03-29"/>
    <release version="1.8.1" date="2019-03-23"/>
    <release version="1.8.0" date="2019-03-22"/>
  </releases>
</component>
