{
    "KPlugin": {
        "MimeTypes": [
            "application/octet-stream",
            "inode/directory"
        ],
        "Name": "Compare/Merge Files/Folders with KDiff3",
        "Name[ca@valencia]": "Compara/fusiona fitxers/carpetes amb el KDiff3",
        "Name[ca]": "Compara/fusiona fitxers/carpetes amb el KDiff3",
        "Name[cs]": "Porovnávejte/slučujte soubory/složky pomocí KDiff3",
        "Name[de]": "Dateien und Ordner vergleichen und zusammenführen mit KDiff3",
        "Name[en_GB]": "Compare/Merge Files/Folders with KDiff3",
        "Name[es]": "Comparar o fusionar archivos o carpetas con KDiff3",
        "Name[fi]": "Vertaa ja yhdistä tiedostoja ja kansioita KDiff3:lla",
        "Name[fr]": "Comparaison et fusion de fichiers ou de dossiers à l'aide de « KDiff3 »",
        "Name[ia]": "Compara/Fusiona Files/Dossieres con KDiff3",
        "Name[it]": "Confronta e fonde i file o le cartelle con KDiff3",
        "Name[nl]": "Vergelijk/Voeg samen bestanden/mappen met KDiff3",
        "Name[nn]": "Samanlikna/flett filer/mapper med KDiff3",
        "Name[pl]": "Porównuj/Scalaj pliki/katalogi z KDiff3",
        "Name[pt_BR]": "Comparar/mesclar arquivos/pastas com o KDiff3",
        "Name[sl]": "Primerjaj/Zlij datoteke/Mape s KDiff3",
        "Name[sv]": "Jämför/Sammanfoga filer/kataloger med Kdiff3",
        "Name[uk]": "Порівняння та об'єднання файлів та тек за допомогою KDiff3",
        "Name[x-test]": "xxCompare/Merge Files/Folders with KDiff3xx",
        "ServiceTypes": [
            "KFileItemAction/Plugin"
        ]
    },
    "MimeType": "application/octet-stream;inode/directory;",
    "X-KDE-Submenu": "KDiff3",
    "X-KDE-Submenu[bg]": "KDiff3",
    "X-KDE-Submenu[bs]": "KDiff3",
    "X-KDE-Submenu[ca]": "KDiff3",
    "X-KDE-Submenu[cs]": "KDiff3",
    "X-KDE-Submenu[da]": "KDiff3",
    "X-KDE-Submenu[de]": "KDiff3",
    "X-KDE-Submenu[el]": "KDiff3",
    "X-KDE-Submenu[es]": "KDiff3",
    "X-KDE-Submenu[et]": "KDiff3",
    "X-KDE-Submenu[fr]": "KDiff3",
    "X-KDE-Submenu[hu]": "KDiff3",
    "X-KDE-Submenu[it]": "KDiff3",
    "X-KDE-Submenu[nb]": "KDiff3",
    "X-KDE-Submenu[nds]": "KDiff3",
    "X-KDE-Submenu[nl]": "KDiff3",
    "X-KDE-Submenu[pl]": "KDiff3",
    "X-KDE-Submenu[pt]": "KDiff3",
    "X-KDE-Submenu[pt_BR]": "KDiff3",
    "X-KDE-Submenu[ru]": "KDiff3",
    "X-KDE-Submenu[sv]": "Kdiff3",
    "X-KDE-Submenu[uk]": "KDiff3",
    "X-KDE-Submenu[x-test]": "xxKDiff3xx",
    "X-KDE-Submenu[zh_TW]": "KDiff3"
}
